Pasta,Documento,Tipo,Link
(raiz),Ata-de-criação-SEPG.pdf,pdf,https://drive.google.com/file/d/1EFI0RcRsilCo8p7NDsd71-f3bWtlWZMc/view?usp=drivesdk
(raiz),Avaliacão_Oficial_Planilha-Indicadores_SW_2024-Nivel C,,https://drive.google.com/file/d/1iiroC88KQ1SPTis5VBGRxBChmZUizI1hubZXxpyzNBE/view?usp=drivesdk
(raiz),TPL-GPC-002_Ata-Reuniao-SEPG.xlsx,xlsx,https://drive.google.com/file/d/1sGkGUkG4K6JYd8AWGganOiN7E2bJZj8j/view?usp=drivesdk
00_governanca,ATA-GPC-001_Reuniao-Analise-Critica-de-Processos.docx,docx,https://drive.google.com/file/d/1mSEGlpnnXBRwaVqlnsioWGVZQCfdyXVD/view?usp=drivesdk
00_governanca,CHK-Auditoria Organizacional-Timeware_junho2026.xls,xls,https://drive.google.com/file/d/1dLEs2NkG672GBNtPByTx6_RSOLUWkkmJ/view?usp=drivesdk
00_governanca,CONV-ORG-001_Convencao-de-Nomenclatura-e-Versionamento.docx,docx,https://drive.google.com/file/d/1Ag4-jg-EEHXvggj27dmSr_07uzkYh77k/view?usp=drivesdk
00_governanca,EST-GPC-001_Estrategia-de-Garantia-da-Qualidade.docx,docx,https://drive.google.com/file/d/1PdyKvi2sk8adOJE2mKW3L5QumD9shj-v/view?usp=drivesdk
00_governanca,EST-GPC-002_Estrategia-de-Gerencia-de-Riscos.docx,docx,https://drive.google.com/file/d/1jNY12kyO2w-DJKhz8aizdHI9Q7HBo3Pl/view?usp=drivesdk
00_governanca,GQA-ORG-001_Auditoria-Organizacional.docx,docx,https://drive.google.com/file/d/1vNp-iv47mRXMyLEeR3f1pEDN4JXA1Zhv/view?usp=drivesdk
00_governanca,GUIA-GPC-001_Guia-de-Adaptacao-do-Processo-Padrao.docx,docx,https://drive.google.com/file/d/1ha36PVPtCC4YIeBXc0qZ_aLGJVNxY3I0/view?usp=drivesdk
00_governanca,GUIA-GPC-002_Guia-de-Auditorias-de-GQA.docx,docx,https://drive.google.com/file/d/1NrY7N_tj_u-cK3iwpjIzjraez005KrzW/view?usp=drivesdk
00_governanca,PLA-GPC-001_Plano-de-Gestao-e-Melhoria-de-Processos.docx,docx,https://drive.google.com/file/d/131GoQo25d8-YX5ejvh1DAAUeMWl1Mk-K/view?usp=drivesdk
00_governanca,POL-ORG-001_Politica-Organizacional-de-Processos.docx,docx,https://drive.google.com/file/d/1GmI7A4qb2yBY7y6tfUmd7UEtsKXqSFhy/view?usp=drivesdk
00_governanca,PRO-GPC-001_Processo-Padrao-Organizacional.docx,docx,https://drive.google.com/file/d/1NU3XFUjMKuLcBIEW6DrgKIz0BNWi3KxV/view?usp=drivesdk
00_governanca,PRO-GPC-002_Definicao-do-Time-de-Melhoria-Continua.docx,docx,https://drive.google.com/file/d/1lh--xCFmICNqD7GKkDmQ1F3MOPTgox1V/view?usp=drivesdk
00_governanca,PRO-OSW-001_Governanca-Organizacional-de-Processos.docx,docx,https://drive.google.com/file/d/1aLxm5g-o_qTP6V_LSQybcTC7nzdMgUAt/view?usp=drivesdk
00_governanca,PRO-OSW-002_Gestao-de-Portfolio-de-Projetos.docx,docx,https://drive.google.com/file/d/1bZr4oVRjUSGwYvRuL4v_cEioy6gOgJro/view?usp=drivesdk
00_governanca,REG-GPC-001_Registro-de-Melhorias-de-Processo.docx,docx,https://drive.google.com/file/d/1h_fkAu9MjScpjg3l9r3OHepLf0zU8eA9/view?usp=drivesdk
00_governanca,REG-GPC-002_Plano-de-Implementacao-de-Melhorias.docx,docx,https://drive.google.com/file/d/1GCLn8iMOKMAUf2w_FjpOSx40cmfO741E/view?usp=drivesdk
00_governanca,REG-OSW-001_Painel-de-Portfolio.docx,docx,https://drive.google.com/file/d/1kAjVXkatpQad4EuU19Il6BzL0c8IkITD/view?usp=drivesdk
00_governanca,REG-OSW-002_Comunicacao-da-Politica-Organizacional.docx,docx,https://drive.google.com/file/d/1nqnyQ3vWpXA8HPeQMRc2X0XuZNOUx1uu/view?usp=drivesdk
00_governanca,REG-OSW-003_Riscos-Organizacionais.xlsx,xlsx,https://drive.google.com/file/d/1P2hhQaWTAbOlyifwPrbaEdF3kTwqLMFP/view?usp=drivesdk
00_governanca,Timeware_GQA_-_CHK-Auditoria_QA_do_QA_Jun2026.xlsx,xlsx,https://drive.google.com/file/d/1JjU5851rE_9gVpEN9ySdnLYAiGseVaME/view?usp=drivesdk
01_apoio,DIAG-GPC-001_Fluxo-do-Processo-Padrao.svg,svg,https://drive.google.com/file/d/1lMaZ2M1qKHfkGfIVAhc4rRyD26-LJJPI/view?usp=drivesdk
01_apoio,GUIA-GCO-001_Guia-de-Nomenclaturas-Tecnicas.docx,docx,https://drive.google.com/file/d/1aSfVOk1WBb8itN0-9jMHO5yhYxsrGM2_/view?usp=drivesdk
01_apoio,PLA-CAP-001_Plano-de-Capacitacao.docx,docx,https://drive.google.com/file/d/1fRYqINyOJrh7ily2FW-e2XnQH0z-mYd6/view?usp=drivesdk
01_apoio,PLA-GCO-001_Plano-de-Gerencia-de-Configuracao.docx,docx,https://drive.google.com/file/d/1ZNsiKFYVP1IvPlpovyJhhKNfVfPMlibj/view?usp=drivesdk
01_apoio,PLA-MED-001_Plano-de-Medicao.docx,docx,https://drive.google.com/file/d/1bl5-_poxJigRv4_5gQj8K3dFDIEqQF5e/view?usp=drivesdk
01_apoio,PRO-AQU-001_Processo-de-Aquisicao.docx,docx,https://drive.google.com/file/d/18vVN8pTYAeP69xbHsnIGPgNLHq_IIwWt/view?usp=drivesdk
01_apoio,PRO-CAP-001_Processo-de-Capacitacao.docx,docx,https://drive.google.com/file/d/1QrUMeBMUAYoppls0b02CNlbDE3l6lW1-/view?usp=drivesdk
01_apoio,PRO-GCO-001_Processo-de-Gerencia-de-Configuracao.docx,docx,https://drive.google.com/file/d/1DjbxKyj6bxsfBJkA-tiicqTASjH0DMNN/view?usp=drivesdk
01_apoio,PRO-GDE-001_Processo-de-Gerencia-de-Decisoes.docx,docx,https://drive.google.com/file/d/1N_0Tta90F4vg9JbjPvLPshqAwPCgVhxj/view?usp=drivesdk
01_apoio,PRO-MED-001_Processo-de-Medicao.docx,docx,https://drive.google.com/file/d/1zqYLBqG8Tjj9k-oKjR6HxyhS9f7L8KHG/view?usp=drivesdk
01_apoio,REG-MED-001_Repositorio-Organizacional-de-Medicao.docx,docx,https://drive.google.com/file/d/1Zbskc4JksK9Unm6Fn46DkvKMs_qmjul2/view?usp=drivesdk
01_apoio/cap,AVA-CAP-001_Avaliacao-Processo-Padrao-Geral.docx,docx,https://drive.google.com/file/d/13GOC8q0K9e_qbFDzlZxlgbOCTnf4dNkL/view?usp=drivesdk
01_apoio/cap,AVA-CAP-002_Avaliacao-GPR.docx,docx,https://drive.google.com/file/d/1wNPYzKfOdRuIbvvDjr-otCb8GoRhCG7q/view?usp=drivesdk
01_apoio/cap,AVA-CAP-003_Avaliacao-Tecnico-REQ-PCP-VV.docx,docx,https://drive.google.com/file/d/1TCtnSs7NzilCXO2KQAs1VUIkJGhMTACn/view?usp=drivesdk
01_apoio/cap,AVA-CAP-004_Avaliacao-GCO-ITP.docx,docx,https://drive.google.com/file/d/1US9vp7JZU04JucCuED_goKxGr9ZZ-9g3/view?usp=drivesdk
01_apoio/cap,AVA-CAP-005_Avaliacao-GPC-MED-CAP.docx,docx,https://drive.google.com/file/d/18zWHf9BsL7jy-klnk-aRjv7NYjIwYyvX/view?usp=drivesdk
01_apoio/cap,GUIA-CAP-001_MiniManual-GPR.docx,docx,https://drive.google.com/file/d/1v97Th4VFwmg8-yIKfjJ5XnM8xQZ9gQ6S/view?usp=drivesdk
01_apoio/cap,GUIA-CAP-002_MiniManual-REQ.docx,docx,https://drive.google.com/file/d/1Q0pAd_F2SgWNtfEyv-QNjTzg1kks8aOn/view?usp=drivesdk
01_apoio/cap,GUIA-CAP-003_MiniManual-PCP.docx,docx,https://drive.google.com/file/d/1veYVFsie7Lr-JwZtv9R7XPIgC5G3fUgj/view?usp=drivesdk
01_apoio/cap,GUIA-CAP-004_MiniManual-VV.docx,docx,https://drive.google.com/file/d/1aVOG1oejstTXFMvTGK8o3gSs9xZjLrnB/view?usp=drivesdk
01_apoio/cap,GUIA-CAP-005_MiniManual-GCO.docx,docx,https://drive.google.com/file/d/1e9ikwsWjrezS3sra9hJLorItDERWDv7K/view?usp=drivesdk
01_apoio/cap,GUIA-CAP-006_MiniManual-ITP.docx,docx,https://drive.google.com/file/d/1tqFdOOTK77v62duzBsmvNVwcIigjTPvG/view?usp=drivesdk
01_apoio/cap,GUIA-CAP-007_MiniManual-GDE.docx,docx,https://drive.google.com/file/d/1prpCXsG_qqc7gT4T0IfgJGYcohNXRDl1/view?usp=drivesdk
01_apoio/cap,GUIA-CAP-008_MiniManual-MED.docx,docx,https://drive.google.com/file/d/1Y_YmTBtBwJjLQUKsAmH5ZvaVisALAAoI/view?usp=drivesdk
01_apoio/cap,GUIA-CAP-009_MiniManual-GPC.docx,docx,https://drive.google.com/file/d/1SDGOr0CiUxIjNDBuODC6wdgpp8NSoeGj/view?usp=drivesdk
01_apoio/cap,GUIA-CAP-010_MiniManual-OSW.docx,docx,https://drive.google.com/file/d/1NX19Hv07nAVcyyvkPPEyYyUGJkKDsAWb/view?usp=drivesdk
01_apoio/cap,GUIA-CAP-011_MiniManual-CAP.docx,docx,https://drive.google.com/file/d/1aXxOmf0e15DbrsWn1ZaraHcPjntfbJA0/view?usp=drivesdk
01_apoio/cap,GUIA-CAP-012_MiniManual-AQU.docx,docx,https://drive.google.com/file/d/1KRovoA8y4usjBw54k-6koFndZbEtft3p/view?usp=drivesdk
01_apoio/cap,MAT-CAP-013_Trilha-COO-Portfolio.docx,docx,https://drive.google.com/file/d/1s2-1ARa6uoXvZ242Rr1TSykDk33AhWAf/view?usp=drivesdk
01_apoio/cap,MAT-CAP-014_Trilha-Time-Melhoria-SEPG.docx,docx,https://drive.google.com/file/d/1HaW1EHn2aAQqY9xK89ODIgI2IvxWrDyP/view?usp=drivesdk
01_apoio/cap,MAT-CAP-015_Trilha-RH-Pessoas.docx,docx,https://drive.google.com/file/d/1UWNTFbXxQ_kmJqSGNOkRFeX-iSomPnSG/view?usp=drivesdk
01_apoio/cap,MAT-CAP-016_Trilha-Tech-Lead-Arquiteto.docx,docx,https://drive.google.com/file/d/15nIEUZFERE0EJV4QZk9xpQBwlNUZFCcF/view?usp=drivesdk
01_apoio/cap,MAT-CAP-017_Trilha-PO-PM.docx,docx,https://drive.google.com/file/d/1JHBn9SgnWJf6uzC3G1GGvmPIS9fZIWPa/view?usp=drivesdk
01_apoio/cap,MAT-CAP-018_Trilha-Devs.docx,docx,https://drive.google.com/file/d/1dR90Hw5yPrDYtExr8YoHJM4aEYVnXWWh/view?usp=drivesdk
01_apoio/cap,MAT-CAP-019_Trilha-DevOps.docx,docx,https://drive.google.com/file/d/1kSQSizbFFaPxnmhXWmsUbvmTu5xwA6-M/view?usp=drivesdk
01_apoio/cap,MAT-CAP-020_Trilha-QA.docx,docx,https://drive.google.com/file/d/1Dj-qizipNW-ltxCZWvmxHzxaJTcRtZL_/view?usp=drivesdk
01_apoio/cap,MAT-CAP-021_Trilha-GCO-Baseline.docx,docx,https://drive.google.com/file/d/1CN4W49RgtDofz8gTKGpO-XG91s1JU8NG/view?usp=drivesdk
01_apoio/cap,MAT-CAP-022_Trilha-Responsavel-Medicao.docx,docx,https://drive.google.com/file/d/1SrbC85jEtMo7UKhvKff-j4hV_cn6J0Gc/view?usp=drivesdk
01_apoio/cap,MAT-CAP-023_Trilha-Tecnica-Onboarding.docx,docx,https://drive.google.com/file/d/1b74pAiJa0SgmSlw6aIgafAJsLb1FO6JT/view?usp=drivesdk
01_apoio/cap,REG-CAP-001B_Sessao-Reforco-Jan2025.docx,docx,https://drive.google.com/file/d/1MKVD45n4shRUHW_6Y9s0dAbpRqrJ1Iyj/view?usp=drivesdk
01_apoio/cap,REG-CAP-001_Sessao-Treinamento-Dez2024.docx,docx,https://drive.google.com/file/d/1d3uKsFw7u-EivN-32-gbwbb2e1R9qqvt/view?usp=drivesdk
01_apoio/cap,REG-CAP-002B_Sessao-Reforco-Set2025.docx,docx,https://drive.google.com/file/d/1ld5yom8HOzJ8lnJjbei2JFBf-YmI4BrJ/view?usp=drivesdk
01_apoio/cap,REG-CAP-002_Sessao-Treinamento-Mar2025.docx,docx,https://drive.google.com/file/d/13QC7eLlcwKHSakbvo-zzE6dHLCwAxpN3/view?usp=drivesdk
01_apoio/cap,REG-CAP-003_Sessao-Treinamento-Ago2025.docx,docx,https://drive.google.com/file/d/14TYg_YEqr0RMpHXS8s7SHiAJTJhV5YoI/view?usp=drivesdk
01_apoio/cap,REG-CAP-004_Sessao-Treinamento-Jan2026.docx,docx,https://drive.google.com/file/d/1PAWKGhzVbZS4SeyDrutAj9mM-HMGxKs4/view?usp=drivesdk
01_apoio/cap,REG-CAP-005_Sessao-Treinamento-Mai2026.docx,docx,https://drive.google.com/file/d/1D8oZJ-zFZ1xCaEkheX1fr_UVX0Vlfq6g/view?usp=drivesdk
01_apoio/cap,REG-CAP-006_Sessao-Gestao-Out2025.docx,docx,https://drive.google.com/file/d/1Qv8t4ZXt2I3tLI9pg_HOwCekuEI4JzX5/view?usp=drivesdk
01_apoio/cap,REG-CAP-007_Sessao-Tecnico-Jan2026.docx,docx,https://drive.google.com/file/d/1hVZts-J6HjJj_U41MyHZklhTMlp9xYn5/view?usp=drivesdk
01_apoio/cap,REG-CAP-008_Sessao-Tecnico-Fev2026.docx,docx,https://drive.google.com/file/d/17Dvw_Q_iCQ10w0arFOOoMakjpaqGOstI/view?usp=drivesdk
01_apoio/cap,REG-CAP-009_Reciclagem-Mar2026.docx,docx,https://drive.google.com/file/d/1df4AZerHPxQz0rBtvFH3zHkMramhnvzU/view?usp=drivesdk
01_apoio/cap,REG-CAP-010_Onboarding-Tecnico-Jan2026.docx,docx,https://drive.google.com/file/d/1_YQ9DpRBydaU04jOIZ5JK2ooImBDHgfZ/view?usp=drivesdk
01_apoio/cap,REG-CAP-011_Workshop-Azure-APIM-Mar2026.docx,docx,https://drive.google.com/file/d/1fXmJU_h1MhW7evekDBwhWHMvT3KpvGzN/view?usp=drivesdk
01_apoio/cap,REG-CAP-012_Workshop-Automacao-Testes-Fev2026.docx,docx,https://drive.google.com/file/d/1qAcFU5xyyEbbxrLk2XL75L-EmBsJiqsi/view?usp=drivesdk
01_apoio/cap,REG-CAP-013_Consultoria-Desenho-Processos-Jun2025.docx,docx,https://drive.google.com/file/d/1BYatkn9c-PMuHuOVurTVVcZb3UXP8Zu7/view?usp=drivesdk
01_apoio/cap,REG-CAP-CV-001_Indice-de-Curriculos.docx,docx,https://drive.google.com/file/d/1QwGtPfGUwvcmpBkFxl9R60DSuJXCiunl/view?usp=drivesdk
01_apoio/cap,REL-CAP-001_Relatorio-de-Eficacia-2025.docx,docx,https://drive.google.com/file/d/1vOW1WaWQyddaHXdkJfFkmVP7o4RDzxeX/view?usp=drivesdk
01_apoio/cap,TLP-CAP-003_Formulario-de-Avaliacao-do-Instrutor.docx,docx,https://drive.google.com/file/d/1JWxBzA34W7LlDEoejzTlBRwAGwvbR0H0/view?usp=drivesdk
01_apoio/cap,TPL-CAP-001_Registro-de-Sessao-de-Treinamento.docx,docx,https://drive.google.com/file/d/1ZRcOc9EUe_tGu93X2_CHESAL31GaR5tC/view?usp=drivesdk
01_apoio/cap,TPL-CAP-002_Relatorio-de-Eficacia-de-Treinamento.docx,docx,https://drive.google.com/file/d/1IyIJpISZPSI_fDzTWieJCoN1E7E-5Cgb/view?usp=drivesdk
01_apoio/cap/curriculos,CV-Caroline-Jenifer_QA.pdf,pdf,https://drive.google.com/file/d/1C7vxxTRerQM1J7J344iub0tfSV86ozhc/view?usp=drivesdk
01_apoio/cap/curriculos,CV-Cezar-Velazquez_TechLead.pdf,pdf,https://drive.google.com/file/d/1Wj_kGQvhXViFApjmjJDfvzUvbSuyqqV3/view?usp=drivesdk
01_apoio/cap/curriculos,CV-Flavio-Fernandes_GQA-Arquitetura.pdf,pdf,https://drive.google.com/file/d/1GSQQ2yS_E7-HnE2BFPsf1A-hkq2AVjPd/view?usp=drivesdk
01_apoio/cap/curriculos,CV-Karen-Wada_Consultora-Processos.pdf,pdf,https://drive.google.com/file/d/1jX6ax9IDMALDHpoTCrcMMerF_nGIGpCr/view?usp=drivesdk
01_apoio/cap/curriculos,CV-Silvio-Baroni_SEPG-GPC.pdf,pdf,https://drive.google.com/file/d/1rC4NvQveAUCAWQOkNiU8VvlVX2AkTN6i/view?usp=drivesdk
01_apoio/cap/curriculos,CV-Wilson-Yamada_Sponsor-Portfolio.pdf,pdf,https://drive.google.com/file/d/11gRQH_6m7Eq1ojWkfu6hRK_AqTqY65ak/view?usp=drivesdk
02_projeto,GUIA-GPR-001_Roteiro-de-Kickoff.docx,docx,https://drive.google.com/file/d/1Iqum1Ej_iNdiaXLJ3I1sp0JrI0iWUvnk/view?usp=drivesdk
02_projeto,PRO-GPR-001_Processo-de-Gerencia-de-Projetos.docx,docx,https://drive.google.com/file/d/1EWyaanDh-iLbsEOhoz5E62LDSuGvmTij/view?usp=drivesdk
02_projeto,PRO-ITP-001_Processo-de-Integracao-do-Produto.docx,docx,https://drive.google.com/file/d/11NtIkxH-4lYyR7a53UTbDIMAfxzzNmL6/view?usp=drivesdk
02_projeto,PRO-PCP-001_Processo-de-Projeto-e-Construcao-do-Produto.docx,docx,https://drive.google.com/file/d/1s0FDXL-yA-t3Q9yzDXdUt_0a8xDtib7F/view?usp=drivesdk
02_projeto,PRO-REQ-001_Processo-de-Engenharia-de-Requisitos.docx,docx,https://drive.google.com/file/d/1ym-pv-GPmpf_t1ir19bOtfIgJZyX0BPt/view?usp=drivesdk
02_projeto,PRO-VV-001_Processo-de-Verificacao-e-Validacao.docx,docx,https://drive.google.com/file/d/18yE_PzywceT3Z60vRqPC-yJjw4Su3528/view?usp=drivesdk
03_templates,EXEMPLO-GPR-005_Status-Report-Exemplo-Preenchido.docx,docx,https://drive.google.com/file/d/1L0rob_f1ODSOZXHoXgV_w_znX6JwKNga/view?usp=drivesdk
03_templates,TPL-GDE-001_Template-Registro-de-Analise-de-Decisao.docx,docx,https://drive.google.com/file/d/1wHbMGhvGpwUGtEj4oPQQ1KV97zLwEy7n/view?usp=drivesdk
03_templates,TPL-GPC-001_Template-Registro-de-Verificacao-de-GQA.docx,docx,https://drive.google.com/file/d/19rnaNwNh_stfJKjPUPjCKs5Yl6USfbxY/view?usp=drivesdk
03_templates,TPL-GPR-001_Template-Plano-de-Projeto.docx,docx,https://drive.google.com/file/d/190E2DG0B4jgwqg4oJ8uTXDUNNd1ROXkM/view?usp=drivesdk
03_templates,TPL-GPR-002_Template-Termo-de-Abertura.docx,docx,https://drive.google.com/file/d/1dFy9pqLoURReKkf88DW9zlI5isnqV9BG/view?usp=drivesdk
03_templates,TPL-GPR-003_Template-Registro-de-Adaptacao.docx,docx,https://drive.google.com/file/d/1oKWodTuwtumhMDYy6eGs2cIuaJDT828w/view?usp=drivesdk
03_templates,TPL-GPR-004_Template-Termo-de-Encerramento.docx,docx,https://drive.google.com/file/d/1NgZq_uG9A-W3qCyb89O4VDZBpJf5QeKR/view?usp=drivesdk
03_templates,TPL-GPR-005_Template-Relatorio-de-Acompanhamento.docx,docx,https://drive.google.com/file/d/1RrYtWXZU-EYDEKO8RRN7cWL8eDs7eJBr/view?usp=drivesdk
03_templates,TPL-GPR-006_Template-Change-Request.docx,docx,https://drive.google.com/file/d/1eA_EZaEl4h-zUvvmULGvgDT-f_zzSARu/view?usp=drivesdk
03_templates,TPL-ITP-001_Template-Estrategia-de-Integracao.docx,docx,https://drive.google.com/file/d/1mj5YGF4Ph8FMqz3DRx8ti-vrPmrFZiAb/view?usp=drivesdk
03_templates,TPL-ORG-001_Template-Ata-de-Reuniao.docx,docx,https://drive.google.com/file/d/1TcB0DCLd2cfon4P5-t6SmMDQ2H8DiNLL/view?usp=drivesdk
03_templates,TPL-PCP-001_Template-Documento-de-Design.docx,docx,https://drive.google.com/file/d/1RHOuxY9-cS4dat55nWo3YnowBN9UP867/view?usp=drivesdk
03_templates,TPL-REQ-001_Template-Documento-de-Requisitos.docx,docx,https://drive.google.com/file/d/1CjKEf7sYu272riKdQQ5L4YbyfM4KqNe0/view?usp=drivesdk
03_templates,TPL-REQ-002_Template-Matriz-de-Rastreabilidade.docx,docx,https://drive.google.com/file/d/1wRjUaxEY4zg7_yfZTTfB01iEETZiYN5T/view?usp=drivesdk
03_templates,TPL-VV-001_Template-Plano-de-Verificacao-e-Validacao.docx,docx,https://drive.google.com/file/d/11M6t6WkYgji_gubuFgyKj7WmRvLYnnYI/view?usp=drivesdk
03_templates,TPL-VV-002_Template-Registro-de-Revisao-por-Pares.docx,docx,https://drive.google.com/file/d/1CQTzVoOCaj1aSZ3l16gqSykf09IwYRtj/view?usp=drivesdk
04_registros/AASP_Andamento-Processuais,00_INDICE-AASPAP01_Mapa-de-Registros.docx,docx,https://drive.google.com/file/d/1q7KCwgqQ5w0lUx4x26DYYFCx5gMmuglM/view?usp=drivesdk
04_registros/AASP_Andamento-Processuais,ADAP-AASPAP01-001_Registro-de-Adaptacao.docx,docx,https://drive.google.com/file/d/1K4Q7uEZFdHy_r6nJhALzqCO-aH9fSg0o/view?usp=drivesdk
04_registros/AASP_Andamento-Processuais,ATA-AASPAP01-001_Ata-Alinhamento-Fluxo-CNJ.docx,docx,https://drive.google.com/file/d/1xnhEepqAaUxgcarVXwtyBITSBo4LiLVq/view?usp=drivesdk
04_registros/AASP_Andamento-Processuais,CR-AASPAP01-001_Change-Request.docx,docx,https://drive.google.com/file/d/1p94Xtd_QSXghPgdDQiaj9m8JoArrHree/view?usp=drivesdk
04_registros/AASP_Andamento-Processuais,CR-AASPAP01-002_Change-Request.docx,docx,https://drive.google.com/file/d/1e495VArI_U_3TMW7KQc0p3GfqUiAek4a/view?usp=drivesdk
04_registros/AASP_Andamento-Processuais,GCO-AASPAP01-001_Registro-de-Configuracao.docx,docx,https://drive.google.com/file/d/1Rl6GXnN1H9mRl0V6bSYw9Pl_D-0THH_O/view?usp=drivesdk
04_registros/AASP_Andamento-Processuais,GDE-AASPAP01-001_Registro-de-Analise-de-Decisao.docx,docx,https://drive.google.com/file/d/1sDGfP0m6WdyKS4MYzHLLZNNQCyus0xJw/view?usp=drivesdk
04_registros/AASP_Andamento-Processuais,GEST-AASPAP01_Planilha-de-Gestao-do-Projeto.xlsx,xlsx,https://drive.google.com/file/d/1ZB2yOn7Pt1eviyaL1-XMCaiamiCql6gz/view?usp=drivesdk
04_registros/AASP_Andamento-Processuais,GQA-AASPAP01-001_Registro-de-GQA.docx,docx,https://drive.google.com/file/d/19WE56UNWv-aVGiPL24PzStXvX1NuplXF/view?usp=drivesdk
04_registros/AASP_Andamento-Processuais,ITP-AASPAP01-001_Estrategia-de-Integracao.docx,docx,https://drive.google.com/file/d/1cSlw8Kqi3fPboNG2KDMoRuWYLii5s1Qm/view?usp=drivesdk
04_registros/AASP_Andamento-Processuais,MED-AASPAP01-001_Registro-de-Medicao.docx,docx,https://drive.google.com/file/d/17jDdprZJdXPr-muQAYnQNXoMNU1VOSAV/view?usp=drivesdk
04_registros/AASP_Andamento-Processuais,PCP-AASPAP01-001_Documento-de-Design.docx,docx,https://drive.google.com/file/d/1MkxkyhMa5O4d9ee1JVYHNZV59BxiHU3m/view?usp=drivesdk
04_registros/AASP_Andamento-Processuais,PLA-AASPAP01-001_Plano-de-Projeto.docx,docx,https://drive.google.com/file/d/1D7tchEQKaqeZMZ2vNNa0wgnXevI-Br8H/view?usp=drivesdk
04_registros/AASP_Andamento-Processuais,RAC-AASPAP01-001_Relatorio-de-Acompanhamento.docx,docx,https://drive.google.com/file/d/155bBfagbpaZdKxRSqXQzkmZSQkmCHNt0/view?usp=drivesdk
04_registros/AASP_Andamento-Processuais,RASTR-AASPAP01-001_Matriz-de-Rastreabilidade.docx,docx,https://drive.google.com/file/d/1nqVdGrDD5CJ_3zPB3IehiBEhuDKSxZlS/view?usp=drivesdk
04_registros/AASP_Andamento-Processuais,REL-VV-AASPAP01-001_Relatorio-de-Execucao-de-Testes.docx,docx,https://drive.google.com/file/d/1TzIWFlAfEpqwWO0JIF3DACKPzPgC2sPV/view?usp=drivesdk
04_registros/AASP_Andamento-Processuais,REQ-AASPAP01-001_Documento-de-Requisitos.docx,docx,https://drive.google.com/file/d/1kV_N6w7TU5Cwe5SYWL3tcptlcr4oazYt/view?usp=drivesdk
04_registros/AASP_Andamento-Processuais,REV-AASPAP01-001_Registro-de-Revisao-por-Pares.docx,docx,https://drive.google.com/file/d/1b2XcTr_rrP1ntnEzllbB2gHNdFaEaLsQ/view?usp=drivesdk
04_registros/AASP_Andamento-Processuais,TAP-AASPAP01-001_Termo-de-Abertura.docx,docx,https://drive.google.com/file/d/1vj9arb9bNdy4z2DLV7U8sEbBp4GuIMHw/view?usp=drivesdk
04_registros/AASP_Andamento-Processuais,VV-AASPAP01-001_Plano-de-VV.docx,docx,https://drive.google.com/file/d/11Vx-bMcQfovROo3RwVY7-dQClEVcFp1e/view?usp=drivesdk
04_registros/AASP_Andamento-Processuais/evidencias,andamentos_ApisParceiras.jpg,jpg,https://drive.google.com/file/d/1di53G9P1RLs2VtusPoTRJay3fOG7c1L2/view?usp=drivesdk
04_registros/AASP_Andamento-Processuais/evidencias,andamentos_arquitetura.svg,svg,https://drive.google.com/file/d/1hwULBFas2YSOqC3BIi0dVbGelx-U-Mp0/view?usp=drivesdk
04_registros/AASP_Andamento-Processuais/evidencias,andamentos_historicoPreservado.jpeg,jpeg,https://drive.google.com/file/d/1Nx8OtLH1th3lVs3pRHd1yJjZ-l5jsR4s/view?usp=drivesdk
04_registros/AASP_Andamento-Processuais/evidencias,andamentos_historicoPreservado1.jpg,jpg,https://drive.google.com/file/d/1zXIyrAtYHinI0oETDvC-PQ0sgF4Z6Fjy/view?usp=drivesdk
04_registros/AASP_Andamento-Processuais/evidencias,andamentos_historicoPreservado2.jpg,jpg,https://drive.google.com/file/d/1l8sW0voE8k-y6ew1dTbd5aePqlr5UffM/view?usp=drivesdk
04_registros/AASP_Andamento-Processuais/evidencias,andamentos_retry_webhook.jpeg,jpeg,https://drive.google.com/file/d/15lXDLmdWW620DS2qE9-qwIEzvAgmpGlW/view?usp=drivesdk
04_registros/AASP_Andamento-Processuais/evidencias,devops_andamentos_branches.png,png,https://drive.google.com/file/d/1YaLDEwp8l6FoyFTaMTEWMmeLqbT6gfnx/view?usp=drivesdk
04_registros/AASP_Andamento-Processuais/evidencias,devops_andamentos_commits.png,png,https://drive.google.com/file/d/1fkX4bzm8iFGVFOtMtIK4rEtjZhF1bomY/view?usp=drivesdk
04_registros/AASP_Andamento-Processuais/evidencias,devops_andamentos_estrutura.png,png,https://drive.google.com/file/d/1w_Hj4o0YyA0oYRSE1_5d1VE67_JisEFY/view?usp=drivesdk
04_registros/AASP_Andamento-Processuais/evidencias,devops_andamentos_pipeline_ci.png,png,https://drive.google.com/file/d/1p1VezDp1C0XYPSOjQk978cQmrvGVrTWo/view?usp=drivesdk
04_registros/AASP_Andamento-Processuais/evidencias,devops_andamentos_pipeline_cicd.png,png,https://drive.google.com/file/d/1Zf1k0e36NnyOxq-zv6Rrz22N5tvM8x49/view?usp=drivesdk
04_registros/AASP_Andamento-Processuais/evidencias,devops_andamentos_pr_detail_1.png,png,https://drive.google.com/file/d/1FSv2kmZbKNXOk5tjctohUFqHtn-BZ9bu/view?usp=drivesdk
04_registros/AASP_Andamento-Processuais/evidencias,devops_andamentos_pr_detail_2.png,png,https://drive.google.com/file/d/1oBhgj_wDBy_Ap5QoTy-HRRu7a62wsa6S/view?usp=drivesdk
04_registros/AASP_Andamento-Processuais/evidencias,devops_andamentos_prs.png,png,https://drive.google.com/file/d/14Se4mDLpHgV5EjT8w7kd1TypMmOEmzMU/view?usp=drivesdk
04_registros/AASP_Andamento-Processuais/evidencias,devops_andamentos_tags.png,png,https://drive.google.com/file/d/1fGjCYwKyDczuhAJPkpaxCMdrrCi7BRc4/view?usp=drivesdk
04_registros/AASP_Andamento-Processuais/evidencias,estrutura_andamentosProcessuais.png,png,https://drive.google.com/file/d/1BQ_7ZiscsMUDn84a_vBXcghhchm29hLs/view?usp=drivesdk
04_registros/AASP_CNJ,00_INDICEAASPCNJ01_MapadeRegistros.docx,docx,https://drive.google.com/file/d/1kf3EdS_AsVImdD6P_03zCt-OF7_UHj6N/view?usp=drivesdk
04_registros/AASP_CNJ,ADAP-AASPCNJ01-001_Registro-de-Adaptacao.docx,docx,https://drive.google.com/file/d/14GFOTJj6jxDsV62h60zCqIgxnRW-DbWW/view?usp=drivesdk
04_registros/AASP_CNJ,ATA-AASPCNJ01-001_Ata-Alinhamento-Fluxo-CNJ.docx,docx,https://drive.google.com/file/d/12sOcC6FDaP-3OdoM1_duAMNNcbgYsQvb/view?usp=drivesdk
04_registros/AASP_CNJ,CAP-AASPCNJ01-001_Registro-de-Capacitacao-da-Equipe.docx,docx,https://drive.google.com/file/d/11db2exVuX-huVhgL8azaDzByfMFQv_pb/view?usp=drivesdk
04_registros/AASP_CNJ,CR-AASPCNJ01-001_Change-Request.docx,docx,https://drive.google.com/file/d/1J3XOn56R7ruWa8vhPAnVzI7r092DFLY-/view?usp=drivesdk
04_registros/AASP_CNJ,GCO-AASPCNJ01-001_Registro-de-Configuracao.docx,docx,https://drive.google.com/file/d/1IJozbK4BobNpyION4zPWa_s2auynxhv9/view?usp=drivesdk
04_registros/AASP_CNJ,GDE-AASPCNJ01-001_Registro-de-Analise-de-Decisao.docx,docx,https://drive.google.com/file/d/1EpobYWmsjCftVdxosshioK0mCuXVFlEq/view?usp=drivesdk
04_registros/AASP_CNJ,GEST-AASPCNJ01-001_Planilha-de-Gestao-do-Projeto.xlsx,xlsx,https://drive.google.com/file/d/1Vdng-5mBCjlXpajdZ6ScLD67c8e85qob/view?usp=drivesdk
04_registros/AASP_CNJ,GQA-AASPCNJ01-001_Registro-de-GQA.docx,docx,https://drive.google.com/file/d/1AI6TXKQ5f6Oh5g6VmFgzTmXNQHEtLOlh/view?usp=drivesdk
04_registros/AASP_CNJ,ITP-AASPCNJ01-001_Estrategia-de-Integracao.docx,docx,https://drive.google.com/file/d/1tobpnNoEQf5LarNnPEJAEJnt5BAZGrtQ/view?usp=drivesdk
04_registros/AASP_CNJ,MED-AASPCNJ01-001_Registro-de-Medicao.docx,docx,https://drive.google.com/file/d/1ePiJ3ONIXZf2gN00FzXuyUCIXdrpezsx/view?usp=drivesdk
04_registros/AASP_CNJ,PCP-AASPCNJ01-001_Documento-de-Design.docx,docx,https://drive.google.com/file/d/1ywDtDrM3zHptY2XfL6ut22ra3MEbuLTe/view?usp=drivesdk
04_registros/AASP_CNJ,PLA-AASPCNJ01-001_Plano-de-Projeto.docx,docx,https://drive.google.com/file/d/1y9zo8Fx1AewE2z9GVdmhsecKySyDoSf6/view?usp=drivesdk
04_registros/AASP_CNJ,RAC-AASPCNJ01-001_Relatorio-de-Acompanhamento.docx,docx,https://drive.google.com/file/d/1G_0Odyq4HbI3nfCyDh7-zZoXDgu_BiON/view?usp=drivesdk
04_registros/AASP_CNJ,RASTR-AASPCNJ01-001_Matriz-de-Rastreabilidade.docx,docx,https://drive.google.com/file/d/1lfPyboZZ3hd-8g3IzjQRQciVYXCztgZw/view?usp=drivesdk
04_registros/AASP_CNJ,REL-VV-AASPCNJ01-001_Relatorio-de-Execucao-de-Testes.docx,docx,https://drive.google.com/file/d/1whC8gTS2Mz1CW7QajDlOMvfXNlxt5AP6/view?usp=drivesdk
04_registros/AASP_CNJ,REQ-AASPCNJ01-001_Documento-de-Requisitos.docx,docx,https://drive.google.com/file/d/1GDwHhtK1Nc-2AptWo8HIryVHeOF8hzj5/view?usp=drivesdk
04_registros/AASP_CNJ,REV-AASPCNJ01-001_Registro-de-Revisao-por-Pares.docx,docx,https://drive.google.com/file/d/1PfM9kKAjFJofhtJn5xqgicqG-0-v3mA-/view?usp=drivesdk
04_registros/AASP_CNJ,TAP-AASPCNJ01-001_Termo-de-Abertura.docx,docx,https://drive.google.com/file/d/1hKBUW2dTTfmd8PEs36tEuIQjsKjPAuRF/view?usp=drivesdk
04_registros/AASP_CNJ,VV-AASPCNJ01-001_Plano-de-VV.docx,docx,https://drive.google.com/file/d/199h316ZoZ43k7W_rnPpNq6GTBr502zuu/view?usp=drivesdk
04_registros/FTFRUKI_SuperApp-Forca-de-Vendas,ADAP-FRUKI01-001_Registro-de-Adaptacao.docx,docx,https://drive.google.com/file/d/1NaEJlUDHw0FE6fgH28gpifHft7ZLxUyL/view?usp=drivesdk
04_registros/FTFRUKI_SuperApp-Forca-de-Vendas,ADAP-FRUKI01-002_Registro-de-Adaptacao-PacoteFinal24.docx,docx,https://drive.google.com/file/d/1LNzyoQkTM7oLgWtSCPY6VxNqt4JS_MzM/view?usp=drivesdk
04_registros/FTFRUKI_SuperApp-Forca-de-Vendas,ATA-FRUKI01-001_Ata-de-Kickoff.docx,docx,https://drive.google.com/file/d/1pjAXblbrxR8Y6p5eq2BDYRBpiYlK3Ag_/view?usp=drivesdk
04_registros/FTFRUKI_SuperApp-Forca-de-Vendas,ATA-FRUKI01-002_Ata-Levantamento-Metas.docx,docx,https://drive.google.com/file/d/1cypxWHL-NU9CPnLV47N-bKnP0QrSIB17/view?usp=drivesdk
04_registros/FTFRUKI_SuperApp-Forca-de-Vendas,ATA-FRUKI01-003_Ata-de-Aceite-Final.docx,docx,https://drive.google.com/file/d/1m0odZUeHy212r9AQwyZ_sfwXzznT4oqJ/view?usp=drivesdk
04_registros/FTFRUKI_SuperApp-Forca-de-Vendas,ATA-FRUKI01-004_Ata-Validacao-Sprint1-NaoAlocados.docx,docx,https://drive.google.com/file/d/10Qo6yB8nqAQmzacMbuLZaVv1ZaX178Lt/view?usp=drivesdk
04_registros/FTFRUKI_SuperApp-Forca-de-Vendas,ATA-FRUKI01-005_Ata-Validacao-Sprint2-RegraDeOuro.docx,docx,https://drive.google.com/file/d/1VmGwsZK4GLu_zpzmrHnD2XOChsiR1GZr/view?usp=drivesdk
04_registros/FTFRUKI_SuperApp-Forca-de-Vendas,ATA-FRUKI01-006_Ata-Validacao-Sprint3-PDV.docx,docx,https://drive.google.com/file/d/1ujgsYTHnAVE_J60APn-OqGSRaCTbfPHf/view?usp=drivesdk
04_registros/FTFRUKI_SuperApp-Forca-de-Vendas,ATA-FRUKI01-007_Ata-Piloto-Pacote1.docx,docx,https://drive.google.com/file/d/1bNAl7ljD0PhTyZEb-2ngdIbBzCpvNY2q/view?usp=drivesdk
04_registros/FTFRUKI_SuperApp-Forca-de-Vendas,ATAFRUKI01008_AtaKickoffPacoteFinal24.docx,docx,https://drive.google.com/file/d/11alVpwlnsPjgd1_PO4OzMBXeJLRz6PXi/view?usp=drivesdk
04_registros/FTFRUKI_SuperApp-Forca-de-Vendas,AnaliseDecisao_FTFRUKI_TIMEWARE.xlsx,xlsx,https://drive.google.com/file/d/19sYcZ40SHiEe7qUV7jau-3fruYrAzjWp/view?usp=drivesdk
04_registros/FTFRUKI_SuperApp-Forca-de-Vendas,CR-FRUKI01-001_Solicitacao-de-Mudanca-RegraDeOuro.docx,docx,https://drive.google.com/file/d/1z2TIuyQQTiU7fOKmK0kQfziTtE8NqiLc/view?usp=drivesdk
04_registros/FTFRUKI_SuperApp-Forca-de-Vendas,GCO-FRUKI01-001_Registro-de-Configuracao.docx,docx,https://drive.google.com/file/d/1fMcui7ebx_4af41JtRltlCCJzDWkd1eA/view?usp=drivesdk
04_registros/FTFRUKI_SuperApp-Forca-de-Vendas,GDE-FRUKI01-001_Registro-de-Decisao.docx,docx,https://drive.google.com/file/d/1h8FKsNP59PnO8tzm2WEJ_vgsZYRSmjwX/view?usp=drivesdk
04_registros/FTFRUKI_SuperApp-Forca-de-Vendas,GEST-FRUKI01-001_Planilha-de-Gestao-do-Projeto.xlsx,xlsx,https://drive.google.com/file/d/1RsktvVNbrH1f-RmcV3_AmIu3uJt9Q7sH/view?usp=drivesdk
04_registros/FTFRUKI_SuperApp-Forca-de-Vendas,GQA-FRUKI01-001_Registro-de-GQA.docx,docx,https://drive.google.com/file/d/1jmdev8ggRDsbM_CrkMQY_oKaImvKG4vM/view?usp=drivesdk
04_registros/FTFRUKI_SuperApp-Forca-de-Vendas,ITP-FRUKI01-001_Estrategia-de-Integracao.docx,docx,https://drive.google.com/file/d/19YCw05XWIRh-NaI5GWf1c-MF6m5AhIra/view?usp=drivesdk
04_registros/FTFRUKI_SuperApp-Forca-de-Vendas,ITP-FRUKI01-002_Estrategia-de-Integracao-PacoteFinal24.docx,docx,https://drive.google.com/file/d/1A-6S0ZZmHteTzIjSNP46H2OJYgeI-Gc7/view?usp=drivesdk
04_registros/FTFRUKI_SuperApp-Forca-de-Vendas,LI-FRUKI01-001_Licoes-Aprendidas.docx,docx,https://drive.google.com/file/d/1pXvWCErdbUdvvAcXV93935DeGW6bJ7xL/view?usp=drivesdk
04_registros/FTFRUKI_SuperApp-Forca-de-Vendas,MED-FRUKI01-001_Registro-de-Medicao.docx,docx,https://drive.google.com/file/d/1D6gCK_SBP31WdmYGToQH2iCZV1RdzhWI/view?usp=drivesdk
04_registros/FTFRUKI_SuperApp-Forca-de-Vendas,PCP-FRUKI01-001_Documento-de-Design.docx,docx,https://drive.google.com/file/d/1ff6Ha1FH1T1XAJGnmdy2QvkrqXxCUg2s/view?usp=drivesdk
04_registros/FTFRUKI_SuperApp-Forca-de-Vendas,PCP-FRUKI01-002_Documento-de-Design-PacoteFinal24.docx,docx,https://drive.google.com/file/d/17KodAvypysQkbqocfQIrlE2q1dfRIUnY/view?usp=drivesdk
04_registros/FTFRUKI_SuperApp-Forca-de-Vendas,PLA-FRUKI01-001_Plano-de-Projeto.docx,docx,https://drive.google.com/file/d/1WEPaZNg7rxj29B48l_scz7x7CyLlvoSf/view?usp=drivesdk
04_registros/FTFRUKI_SuperApp-Forca-de-Vendas,PLA-FRUKI01-002_Plano-de-Projeto-PacoteFinal24.docx,docx,https://drive.google.com/file/d/1d0l6IhtfbI9hE0UYxQm6nVq9grpjKnpn/view?usp=drivesdk
04_registros/FTFRUKI_SuperApp-Forca-de-Vendas,RAC-FRUKI01-001_Relatorio-de-Acompanhamento.docx,docx,https://drive.google.com/file/d/1_C3hZUp-7-2ldAa2BmIfZ3tMfa9WX0bd/view?usp=drivesdk
04_registros/FTFRUKI_SuperApp-Forca-de-Vendas,RASTR-FRUKI01-001_Matriz-de-Rastreabilidade.docx,docx,https://drive.google.com/file/d/1SokajsndvgCtPAX7FyUpNp9mIDxQrVQf/view?usp=drivesdk
04_registros/FTFRUKI_SuperApp-Forca-de-Vendas,RASTR-FRUKI01-002_Matriz-de-Rastreabilidade-PacoteFinal24.docx,docx,https://drive.google.com/file/d/1S4nR_PkZnGQrm6ppWv47ftgH2ptyG9xJ/view?usp=drivesdk
04_registros/FTFRUKI_SuperApp-Forca-de-Vendas,REQ-FRUKI01-001_Documento-de-Requisitos.docx,docx,https://drive.google.com/file/d/1mCQ9GroaEFEjulblg31P0Kdknw95w8LJ/view?usp=drivesdk
04_registros/FTFRUKI_SuperApp-Forca-de-Vendas,REQ-FRUKI01-002_Documento-de-Requisitos-PacoteFinal24.docx,docx,https://drive.google.com/file/d/1GexOXykQE4rnKFPmeW1kVQac18vsnlnQ/view?usp=drivesdk
04_registros/FTFRUKI_SuperApp-Forca-de-Vendas,TAE-FRUKI01-001_Termo-de-Encerramento.docx,docx,https://drive.google.com/file/d/1JNvLtWIaqno7WXqzPfQwcK1bRE3UjCRv/view?usp=drivesdk
04_registros/FTFRUKI_SuperApp-Forca-de-Vendas,TAE-FRUKI01-002_Termo-de-Encerramento-PacoteFinal24.docx,docx,https://drive.google.com/file/d/1D3T0RHrOPhOq08Edxc1fWW-cZ1uR-e2n/view?usp=drivesdk
04_registros/FTFRUKI_SuperApp-Forca-de-Vendas,TAP-FRUKI01-001_Termo-de-Abertura.docx,docx,https://drive.google.com/file/d/1ehO_9gQoPrLS-Ykhxfnnsrn9KZ9o8zdH/view?usp=drivesdk
04_registros/FTFRUKI_SuperApp-Forca-de-Vendas,TAP-FRUKI01-002_Termo-de-Abertura-PacoteFinal24.docx,docx,https://drive.google.com/file/d/1UUmn_lYKBv8eG5UZBaLipFbSMdnYTxgU/view?usp=drivesdk
04_registros/FTFRUKI_SuperApp-Forca-de-Vendas,VV-FRUKI01-001_Plano-VeV.docx,docx,https://drive.google.com/file/d/1yCFY98oM8rlf44HUIeERib4_7jtYsKeU/view?usp=drivesdk
04_registros/FTFRUKI_SuperApp-Forca-de-Vendas,VV-FRUKI01-002_Plano-VeV-PacoteFinal24.docx,docx,https://drive.google.com/file/d/1d_okleyBKoPtPW2zEy7300KiXoWL62oj/view?usp=drivesdk
04_registros/FTGASMIG_Governanca-APIs/GASMIG02_Fundacao-Tecnologica,ADAP-GASMIG02-001_Registro-de-Adaptacao.docx,docx,https://drive.google.com/file/d/1uDnjyU3hDOdzbVZPUFA-1PGqXCsuDeS7/view?usp=drivesdk
04_registros/FTGASMIG_Governanca-APIs/GASMIG02_Fundacao-Tecnologica,ADAP-GASMIG02-002_Registro-de-Adaptacao-OS002.docx,docx,https://drive.google.com/file/d/1oQshhvn5DIq1DoB3rybc8jEbP_OdEnfn/view?usp=drivesdk
04_registros/FTGASMIG_Governanca-APIs/GASMIG02_Fundacao-Tecnologica,ATA-GASMIG02-001_Ata-de-Kickoff.docx,docx,https://drive.google.com/file/d/1XcstqfQTQC0cm8wZgfc9oLgjSknU6Ueq/view?usp=drivesdk
04_registros/FTGASMIG_Governanca-APIs/GASMIG02_Fundacao-Tecnologica,ATA-GASMIG02-002_Ata-de-Aceite-OS001.docx,docx,https://drive.google.com/file/d/1CcRbEbIcDWeHO7sOznH_FcuK-uVVusM0/view?usp=drivesdk
04_registros/FTGASMIG_Governanca-APIs/GASMIG02_Fundacao-Tecnologica,ATA-GASMIG02-003_Apresentacao-Entrega-OS002.docx,docx,https://drive.google.com/file/d/1YCW3PFHS2p1bh8O6VWyZ8y2NFoG6ZWFN/view?usp=drivesdk
04_registros/FTGASMIG_Governanca-APIs/GASMIG02_Fundacao-Tecnologica,AnaliseDecisao_FTGASMIG_TIMEWARE.xlsx,xlsx,https://drive.google.com/file/d/1u5oCqJrnQuaPBUMqTNQvaukwxqZvsmQi/view?usp=drivesdk
04_registros/FTGASMIG_Governanca-APIs/GASMIG02_Fundacao-Tecnologica,CAP-GASMIG02-001_Registro-de-Capacitacao-da-Equipe.docx,docx,https://drive.google.com/file/d/1ibleg7tRQDHfYp3ahRpAlbYjKetFDzzT/view?usp=drivesdk
04_registros/FTGASMIG_Governanca-APIs/GASMIG02_Fundacao-Tecnologica,GCO-GASMIG02-001_Gerencia-de-Configuracao.docx,docx,https://drive.google.com/file/d/1qpIzDVbsmVYkiXW9NNdciOuv5iovMNu4/view?usp=drivesdk
04_registros/FTGASMIG_Governanca-APIs/GASMIG02_Fundacao-Tecnologica,GDE-GASMIG02-001_Registro-de-Analise-de-Decisao.docx,docx,https://drive.google.com/file/d/1sqAtX-R1-EjASMtMCnp_fjiessTaSaQU/view?usp=drivesdk
04_registros/FTGASMIG_Governanca-APIs/GASMIG02_Fundacao-Tecnologica,GEST-GASMIG02_Planilha-de-Gestao-do-Projeto.xlsx,xlsx,https://drive.google.com/file/d/1r_dSFP9AmEnj79FkmqU80OkuYWnwzfZS/view?usp=drivesdk
04_registros/FTGASMIG_Governanca-APIs/GASMIG02_Fundacao-Tecnologica,GQA-GASMIG02-001_Registro-de-GQA.docx,docx,https://drive.google.com/file/d/1V-T1g_9AKu9TLFPROMR0fA1gkyx180a-/view?usp=drivesdk
04_registros/FTGASMIG_Governanca-APIs/GASMIG02_Fundacao-Tecnologica,ITP-GASMIG02-002_Estrategia-de-Integracao-OS002.docx,docx,https://drive.google.com/file/d/1JIAbQHVpTSO3V0AKGnWyVwEs6zuTWX7R/view?usp=drivesdk
04_registros/FTGASMIG_Governanca-APIs/GASMIG02_Fundacao-Tecnologica,LI-GASMIG02-001_Licoes-Aprendidas.docx,docx,https://drive.google.com/file/d/1ra9yyJuVYa2tmQW0DKwbJgannxAI2W0E/view?usp=drivesdk
04_registros/FTGASMIG_Governanca-APIs/GASMIG02_Fundacao-Tecnologica,MED-GASMIG02-001_Registro-de-Medicao.docx,docx,https://drive.google.com/file/d/1LtjN_WSjn_g1wQ_RRLe4Z4KP6Cnu-Ohx/view?usp=drivesdk
04_registros/FTGASMIG_Governanca-APIs/GASMIG02_Fundacao-Tecnologica,PCP-GASMIG02-001_Documento-de-Design.docx,docx,https://drive.google.com/file/d/1YI-40O6IWGMB0C_R6ytpbxc2w1E7W4fF/view?usp=drivesdk
04_registros/FTGASMIG_Governanca-APIs/GASMIG02_Fundacao-Tecnologica,PCP-GASMIG02-002_Documento-de-Design-OS002.docx,docx,https://drive.google.com/file/d/1Q4M2R4uqiy81BP8L3HiQ_idRqmpMt8Cw/view?usp=drivesdk
04_registros/FTGASMIG_Governanca-APIs/GASMIG02_Fundacao-Tecnologica,PLA-GASMIG02-001_Plano-de-Projeto.docx,docx,https://drive.google.com/file/d/1ZIwX-h0RDNJfhO5AXev2vqhYrGHOr2qf/view?usp=drivesdk
04_registros/FTGASMIG_Governanca-APIs/GASMIG02_Fundacao-Tecnologica,PLA-GASMIG02-002_Plano-de-Projeto-OS002.docx,docx,https://drive.google.com/file/d/1jfUDk7bhCtOXUYDcBnpjOx8FARp2VqPH/view?usp=drivesdk
04_registros/FTGASMIG_Governanca-APIs/GASMIG02_Fundacao-Tecnologica,RAC-GASMIG02-001_Relatorio-de-Acompanhamento.docx,docx,https://drive.google.com/file/d/1bAl8o8UPkTb1AHypGNvRxEJG8UYswpvS/view?usp=drivesdk
04_registros/FTGASMIG_Governanca-APIs/GASMIG02_Fundacao-Tecnologica,RASTR-GASMIG02-001_Matriz-de-Rastreabilidade.docx,docx,https://drive.google.com/file/d/1_delTbo-PEeRpuGGGagv5p2SOF-ZNRos/view?usp=drivesdk
04_registros/FTGASMIG_Governanca-APIs/GASMIG02_Fundacao-Tecnologica,RASTR-GASMIG02-002_Matriz-de-Rastreabilidade-OS002.docx,docx,https://drive.google.com/file/d/1tfy9oNEOsThCKNb1YrvQq8Ll1jX9kYJO/view?usp=drivesdk
04_registros/FTGASMIG_Governanca-APIs/GASMIG02_Fundacao-Tecnologica,REQ-GASMIG02-001_Documento-de-Requisitos.docx,docx,https://drive.google.com/file/d/13duq0igfGKvJAHKh_sD9TN7WqTpuOfdn/view?usp=drivesdk
04_registros/FTGASMIG_Governanca-APIs/GASMIG02_Fundacao-Tecnologica,REQ-GASMIG02-002_Documento-de-Requisitos-OS002.docx,docx,https://drive.google.com/file/d/1_yN7yHPBc9iKilAlxd4pxj52G1_WoCHP/view?usp=drivesdk
04_registros/FTGASMIG_Governanca-APIs/GASMIG02_Fundacao-Tecnologica,REV-GASMIG02-001_Registro-de-Verificacao-Tecnica.docx,docx,https://drive.google.com/file/d/1biHfNjSf_g7hnUcjBATCG48aG7ARNvRL/view?usp=drivesdk
04_registros/FTGASMIG_Governanca-APIs/GASMIG02_Fundacao-Tecnologica,TAE-GASMIG02-001_Termo-de-Encerramento-OS001.docx,docx,https://drive.google.com/file/d/1mw7eJBj6HANyIYJ1MgxEnO59ML9sl5aa/view?usp=drivesdk
04_registros/FTGASMIG_Governanca-APIs/GASMIG02_Fundacao-Tecnologica,TAE-GASMIG02-002_Termo-de-Encerramento-OS002.docx,docx,https://drive.google.com/file/d/1-zvT45vPsVTAwmcEzQVak8qKT4dnQWEr/view?usp=drivesdk
04_registros/FTGASMIG_Governanca-APIs/GASMIG02_Fundacao-Tecnologica,TAP-GASMIG02-001_Termo-de-Abertura.docx,docx,https://drive.google.com/file/d/1WW3VNRafS44JkZiXK29Rm7bYI7NbP9rS/view?usp=drivesdk
04_registros/FTGASMIG_Governanca-APIs/GASMIG02_Fundacao-Tecnologica,TAP-GASMIG02-002_Termo-de-Abertura-OS002.docx,docx,https://drive.google.com/file/d/1cMUOhgzZzj6wwWIijFMDugRVZIl8aPvf/view?usp=drivesdk
04_registros/FTGASMIG_Governanca-APIs/GASMIG02_Fundacao-Tecnologica,VV-GASMIG02-001_Plano-de-VV.docx,docx,https://drive.google.com/file/d/15t1yh5oMbpFZ47rREDx9kJPgS8oXyRmy/view?usp=drivesdk
04_registros/FTGASMIG_Governanca-APIs/GASMIG02_Fundacao-Tecnologica,VV-GASMIG02-002_Plano-de-VV-OS002.docx,docx,https://drive.google.com/file/d/18GgauiJykVy8AASSKtJcqkt2FR-6AuRv/view?usp=drivesdk
04_registros/PROFARMA_Cadastro-de-Clientes,ADAP-PROFARMA01-001_Registro-de-Adaptacao.docx,docx,https://drive.google.com/file/d/1aRgkciq4Ed3iPJgEbe1jJnpkXKlF4Tma/view?usp=drivesdk
04_registros/PROFARMA_Cadastro-de-Clientes,ATA-PROFARMA01-001_Ata-de-Kickoff.docx,docx,https://drive.google.com/file/d/1uNkVDge5WAgwLTCcUFZmBLlqKog16nmG/view?usp=drivesdk
04_registros/PROFARMA_Cadastro-de-Clientes,ATA-PROFARMA01-002_Ata-de-Aceite-Final.docx,docx,https://drive.google.com/file/d/1odIVE62I5L7iqqLFUCACbHt3w2HRB8yR/view?usp=drivesdk
04_registros/PROFARMA_Cadastro-de-Clientes,Analise-Decisao_PROFARMA_TIMEWARE.xlsx,xlsx,https://drive.google.com/file/d/1iS1LRiviBLZgmxymc7Hfq7szzjUGkHjK/view?usp=drivesdk
04_registros/PROFARMA_Cadastro-de-Clientes,CR-PROFARMA01-001_Registro-de-Change-Requests.docx,docx,https://drive.google.com/file/d/1XWRRoeJ6NnvjCG3S0hlyPyxnMfkf9vM7/view?usp=drivesdk
04_registros/PROFARMA_Cadastro-de-Clientes,CTQ-PROFARMA01-001_Cenarios-de-Teste-Homologacao.docx,docx,https://drive.google.com/file/d/1ts70FWbIasG3sf9qDBSw8cXldJfRJ7bY/view?usp=drivesdk
04_registros/PROFARMA_Cadastro-de-Clientes,EV-AzureDevOps-PROFARMA01-001.docx,docx,https://drive.google.com/file/d/1K3LjcxoNE5lRsuUe0IIkCtwreoj3Bizv/view?usp=drivesdk
04_registros/PROFARMA_Cadastro-de-Clientes,EV-Jira-PROFARMA01-001.docx,docx,https://drive.google.com/file/d/1ftGwgagbTkMohz_ZpKcLT0Z1_cPq_4A9/view?usp=drivesdk
04_registros/PROFARMA_Cadastro-de-Clientes,EV-Swagger-PROFARMA01-001.docx,docx,https://drive.google.com/file/d/17hu5hEzQctuc6OaDun7ki1pn1f-fp7cL/view?usp=drivesdk
04_registros/PROFARMA_Cadastro-de-Clientes,GCO-PROFARMA01-001_Registro-de-Gerencia-de-Configuracao.docx,docx,https://drive.google.com/file/d/1ld1PXP0yafu0eW7nUNXN0iRCm1P7cskc/view?usp=drivesdk
04_registros/PROFARMA_Cadastro-de-Clientes,GDE-PROFARMA01-001_Registro-de-Analise-de-Decisao.docx,docx,https://drive.google.com/file/d/1wU_hxVhwrX-XUT1OQmEKxw80Mz0T5Rat/view?usp=drivesdk
04_registros/PROFARMA_Cadastro-de-Clientes,GEST-PROFARMA01_Planilha-de-Gestao-do-Projeto.xlsx,xlsx,https://drive.google.com/file/d/12SEFOVCAA1jVQRgM1c1RDR_CL3KaW32_/view?usp=drivesdk
04_registros/PROFARMA_Cadastro-de-Clientes,GQA-PROFARMA01-001_Registro-de-GQA.docx,docx,https://drive.google.com/file/d/1hefq-kmdiYVOIvc0RoWHcSVQDBbL8Fq4/view?usp=drivesdk
04_registros/PROFARMA_Cadastro-de-Clientes,ITP-PROFARMA01-001_Estrategia-de-Integracao.docx,docx,https://drive.google.com/file/d/1DKKcqAZK78dkV2UIRRSXHtELjnxdw4aj/view?usp=drivesdk
04_registros/PROFARMA_Cadastro-de-Clientes,LI-PROFARMA01-001_Licoes-Aprendidas.docx,docx,https://drive.google.com/file/d/1NMayhfr_e6Li-R0NEGoST5QATJgifMc7/view?usp=drivesdk
04_registros/PROFARMA_Cadastro-de-Clientes,MED-PROFARMA01-001_Registro-de-Medicao.docx,docx,https://drive.google.com/file/d/1nmbiWfvYMAAa7Y5pO14VxaZgxEPQuKOn/view?usp=drivesdk
04_registros/PROFARMA_Cadastro-de-Clientes,PCP-PROFARMA01-001_Documento-de-Design.docx,docx,https://drive.google.com/file/d/1t0fD748MR_EBRMHsgQzVGLKRnJ4Zq7__/view?usp=drivesdk
04_registros/PROFARMA_Cadastro-de-Clientes,PLA-PROFARMA01-001_Plano-de-Projeto.docx,docx,https://drive.google.com/file/d/189Kp-xA8BJ3SsO9NhxDyDOUtX3dADifK/view?usp=drivesdk
04_registros/PROFARMA_Cadastro-de-Clientes,RAC-PROFARMA01-001_Relatorio-de-Acompanhamento.docx,docx,https://drive.google.com/file/d/1HjCxyFwvC7Fxp4OXwxjqqL7OyYlSfI9x/view?usp=drivesdk
04_registros/PROFARMA_Cadastro-de-Clientes,RASTR-PROFARMA01-001_Matriz-de-Rastreabilidade.docx,docx,https://drive.google.com/file/d/1ep0JvVMNhdLVRwWXVMIyfLxurd7ReAyI/view?usp=drivesdk
04_registros/PROFARMA_Cadastro-de-Clientes,REL-VV-PROFARMA01-001_Relatorio-de-Execucao-de-Testes.docx,docx,https://drive.google.com/file/d/1KF8zj0lufb0VPg6riJwGhibojJJIopHM/view?usp=drivesdk
04_registros/PROFARMA_Cadastro-de-Clientes,REQ-PROFARMA01-001_Documento-de-Requisitos.docx,docx,https://drive.google.com/file/d/17OE2PW4XkEy3OnJlSb6rtsHHh9ouTFJE/view?usp=drivesdk
04_registros/PROFARMA_Cadastro-de-Clientes,REV-PROFARMA01-001_Registro-de-Revisao-Tecnica.docx,docx,https://drive.google.com/file/d/1dHd-EpgVX2Mg2Wo5Y_uxB8KFH4qphhxM/view?usp=drivesdk
04_registros/PROFARMA_Cadastro-de-Clientes,TAE-PROFARMA01-001_Termo-de-Encerramento.docx,docx,https://drive.google.com/file/d/1k_UZ_jWRVmpHA1Iiysa7vKvUwQ1T8QED/view?usp=drivesdk
04_registros/PROFARMA_Cadastro-de-Clientes,TAP-PROFARMA01-001_Termo-de-Abertura.docx,docx,https://drive.google.com/file/d/13BKbRnLmlBDMBkioH54vOpmicKqlei8W/view?usp=drivesdk
04_registros/PROFARMA_Cadastro-de-Clientes,VV-PROFARMA01-001_Plano-de-VV.docx,docx,https://drive.google.com/file/d/15tRkpsMad47tD4gPdlLKImY5ipIadjxw/view?usp=drivesdk
05_capacidade,MAPA-CAP-001_Mapa-de-Capacidade-dos-Processos.docx,docx,https://drive.google.com/file/d/17csazhVOlhhgaMN-DCmoQEUiJsfrN1Il/view?usp=drivesdk
05_capacidade,MAPA-ORG-001_Matriz-de-Papeis-e-Responsabilidades.docx,docx,https://drive.google.com/file/d/1j98CQbhiUr74uV7VenwJcEhnLmLupxhe/view?usp=drivesdk
05_capacidade,MAPA-ORG-001_Matriz-de-Papeis-e-Responsabilidades.xlsx,xlsx,https://drive.google.com/file/d/1i87bnTiddeMILoHq3CBlyZ-WzPS5meEW/view?usp=drivesdk
